,Restaurant,Latitude,Longitude,URL
0,McDonald's - G Tuazon,14.606023292205291,121.00165648754836,https://food.grab.com/ph/en/restaurant/mcdonald-s-g-tuazon-delivery/2-CYV1LTCHKCNAGE
1,Burger King - Welcome Rotonda,14.618641117851098,121.00221639110072,https://food.grab.com/ph/en/restaurant/burger-king-welcome-rotonda-delivery/AWhefkWqR-bAtZoKZM96
2,Jollibee - G. Tuazon-Balic Balic,14.6068865,121.0030531,https://food.grab.com/ph/en/restaurant/jollibee-g-tuazon-balic-balic-delivery/2-CY2CR65JMEKDAX
3,Wendy's - Dapitan [Available for LONG-DISTANCE DELIVERY],14.611880266666669,120.9884545,https://food.grab.com/ph/en/restaurant/wendy-s-dapitan-available-for-long-distance-delivery-delivery/PHGFSTI0000017w
4,McDonald's - Sta Cruz Church,14.599870428571428,120.9797005,https://food.grab.com/ph/en/restaurant/mcdonald-s-sta-cruz-church-delivery/AWiD5JwQfYWaYaQC4nY4
5,Jollibee - Galaxy Avenida Tower,14.6042276,120.98191968,https://food.grab.com/ph/en/restaurant/jollibee-galaxy-avenida-tower-delivery/2-CY2CR65JEXE2AT
6,Mang Inasal - Tayuman,14.6163699,120.98280734,https://food.grab.com/ph/en/restaurant/mang-inasal-tayuman-delivery/2-CZCVUA42FBUTTX
7,KFC - Dapitan 2,14.612027,120.9885567,https://food.grab.com/ph/en/restaurant/kfc-dapitan-2-delivery/2-CYUZC8BJTVC3LE
8,Angel's Pizza - Legarda [Available for LONG-DISTANCE DELIVERY],14.599262918622555,120.9900343411054,https://food.grab.com/ph/en/restaurant/angel-s-pizza-legarda-available-for-long-distance-delivery-delivery/PHGFSTI000000zw
9,Chowking - Avenida Recto,14.603883721428572,120.98188061935484,https://food.grab.com/ph/en/restaurant/chowking-avenida-recto-delivery/2-CYMHN7EHBEKAR2
10,Yellow Cab Pizza - Espana [Available for LONG-DISTANCE DELIVERY],14.6094796,120.992802,https://food.grab.com/ph/en/restaurant/yellow-cab-pizza-espana-available-for-long-distance-delivery-delivery/2-CYKCVZNZJTDFLE
11,Army Navy Burger + Burrito - UST Dapitan [Available for LONG-DISTANCE DELIVERY],14.6115019,120.9880575,https://food.grab.com/ph/en/restaurant/army-navy-burger-burrito-ust-dapitan-available-for-long-distance-delivery-delivery/PHGFSTI000000ym
12,Starbucks - Pacific Center Binondo [Available for LONG-DISTANCE DELIVERY],14.598539382002995,120.97566239164144,https://food.grab.com/ph/en/restaurant/starbucks-pacific-center-binondo-available-for-long-distance-delivery-delivery/2-CY42TKKBTU4DA2
13,Shakey's Pizza - Espana,14.60764645,120.9907304,https://food.grab.com/ph/en/restaurant/shakey-s-pizza-espana-delivery/2-CYK2GKKXEKTULJ
14,Three J lugawan - Earnshaw Street [Available for LONG-DISTANCE DELIVERY],14.6043552,120.993168,https://food.grab.com/ph/en/restaurant/three-j-lugawan-earnshaw-street-available-for-long-distance-delivery-delivery/2-C2JTJFEKWCKZLE
15,WOW Shawarma - Cristobal Street,14.6129637,120.9948943,https://food.grab.com/ph/en/restaurant/wow-shawarma-cristobal-street-delivery/2-C2A3LEAEWB2YCA
16,Hummus Express - UST [Available for LONG-DISTANCE DELIVERY],14.611589261386,120.987806,https://food.grab.com/ph/en/restaurant/hummus-express-ust-available-for-long-distance-delivery-delivery/2-CY5GJP3XMF6FG2
17,Food House by Madla - UST,14.60785545410086,120.99240166666664,https://food.grab.com/ph/en/restaurant/food-house-by-madla-ust-delivery/2-CZKJC241LXA1TN
18,Boodle Inasal x Happy Thirstday - Sampaloc [Available for LONG-DISTANCE DELIVERY],14.6071574,120.9876869,https://food.grab.com/ph/en/restaurant/boodle-inasal-x-happy-thirstday-sampaloc-available-for-long-distance-delivery-delivery/2-C2J3BF3DSA2YRX
19,Erlinda's Foodhouse - Loyola Street,14.6068024,120.9919402,https://food.grab.com/ph/en/restaurant/erlinda-s-foodhouse-loyola-street-delivery/2-C2WCFGMANYXTAA
20,Tapsarap - Loyola Street [Available for LONG-DISTANCE DELIVERY],14.6068024,120.9919402,https://food.grab.com/ph/en/restaurant/tapsarap-loyola-street-available-for-long-distance-delivery-delivery/2-C2NZR6XHVCE3BE
21,24/7 Wings - UST [Available for LONG-DISTANCE DELIVERY],14.611589261386,120.987806,https://food.grab.com/ph/en/restaurant/24-7-wings-ust-available-for-long-distance-delivery-delivery/2-CYUYBF42AU5ELJ
22,24/7 Virtual Pub - UST [Available for LONG-DISTANCE DELIVERY],14.611589261386,120.987806,https://food.grab.com/ph/en/restaurant/24-7-virtual-pub-ust-available-for-long-distance-delivery-delivery/2-C2DBEVJATFEAGA
23,Rarjap Sushi House - V. Concepcion Street [Available for LONG-DISTANCE DELIVERY],14.6122898,120.9881811,https://food.grab.com/ph/en/restaurant/rarjap-sushi-house-v-concepcion-street-available-for-long-distance-delivery-delivery/2-CY6YVVJJR8NXFE
24,Bo's Coffee - Espana [Available for LONG-DISTANCE DELIVERY],14.6062743,120.9890109,https://food.grab.com/ph/en/restaurant/bo-s-coffee-espana-available-for-long-distance-delivery-delivery/2-CZNFWE3UCTVJNE
25,Black Scoop Cafe - UST Dapitan-Dos Castillas [Available for LONG-DISTANCE DELIVERY],14.61318,120.9906167,https://food.grab.com/ph/en/restaurant/black-scoop-cafe-ust-dapitan-dos-castillas-available-for-long-distance-delivery-delivery/2-CZEVSE42L2UDT2
26,Supreme Wings - Sampaloc [Available for LONG-DISTANCE DELIVERY],14.6007482,120.9912594,https://food.grab.com/ph/en/restaurant/supreme-wings-sampaloc-available-for-long-distance-delivery-delivery/2-CZNTDF6TMAE2CJ
27,Sausage Supreme - Sampaloc [Available for LONG-DISTANCE DELIVERY],14.6008,120.9911157,https://food.grab.com/ph/en/restaurant/sausage-supreme-sampaloc-available-for-long-distance-delivery-delivery/2-CZNTDBLDT8DJRA
28,Aling Banang - Magsaysay Nagtahan [Available for LONG-DISTANCE DELIVERY],14.6012619,121.0021819,https://food.grab.com/ph/en/restaurant/aling-banang-magsaysay-nagtahan-available-for-long-distance-delivery-delivery/2-CZLWWA4ZLNAFE6
29,Boba Ka Tea - Loyola Street [Available for LONG-DISTANCE DELIVERY],14.6052201,120.99013511818184,https://food.grab.com/ph/en/restaurant/boba-ka-tea-loyola-street-available-for-long-distance-delivery-delivery/2-C2AYJX31LPBYBE
30,Healthy to Go - UST [Available for LONG-DISTANCE DELIVERY],14.611589261386,120.987806,https://food.grab.com/ph/en/restaurant/healthy-to-go-ust-available-for-long-distance-delivery-delivery/2-CYVAEUXXRVECLX
31,Ichiban1 Yakitori - M.V. Delos Santos [Available for LONG-DISTANCE DELIVERY],14.6033995,120.990694,https://food.grab.com/ph/en/restaurant/ichiban1-yakitori-m-v-delos-santos-available-for-long-distance-delivery-delivery/2-C2JZJ2WTNT2JRT
32,Joni's Grill - Delos Santos Street [Available for LONG-DISTANCE DELIVERY],14.6033922,120.9907382,https://food.grab.com/ph/en/restaurant/joni-s-grill-delos-santos-street-available-for-long-distance-delivery-delivery/2-C23ZN7JJTCNECN
33,Kanto Freestyle Breakfast - Manila [Available for LONG-DISTANCE DELIVERY],14.6123967,120.9880034,https://food.grab.com/ph/en/restaurant/kanto-freestyle-breakfast-manila-available-for-long-distance-delivery-delivery/2-CZMTGJ21G8NUNA
34,Hideout Tea and Coffee House - UST [Available for LONG-DISTANCE DELIVERY],14.612301145437982,120.98814000000176,https://food.grab.com/ph/en/restaurant/hideout-tea-and-coffee-house-ust-available-for-long-distance-delivery-delivery/2-C2NUTFKWPFEHDA
35,Rhian Ramos' Healthy Appetite - UST [Available for LONG-DISTANCE DELIVERY],14.611589261386,120.987806,https://food.grab.com/ph/en/restaurant/rhian-ramos-healthy-appetite-ust-available-for-long-distance-delivery-delivery/2-C2NVLYAAG6XVRT
36,Shark's Bistro - Padre Noval Street,14.608230500022898,120.98789516451028,https://food.grab.com/ph/en/restaurant/shark-s-bistro-padre-noval-street-delivery/2-C2MBC62FA7MDA2
37,Bulalugaw Express - Earnshaw Suites [Available for LONG-DISTANCE DELIVERY],14.6096033,120.9933591,https://food.grab.com/ph/en/restaurant/bulalugaw-express-earnshaw-suites-available-for-long-distance-delivery-delivery/2-CY3UWALJANXHBE
38,Tiger Winx - Sampaloc [Available for LONG-DISTANCE DELIVERY],14.612757749547498,120.987815849583,https://food.grab.com/ph/en/restaurant/tiger-winx-sampaloc-available-for-long-distance-delivery-delivery/2-C2MBGPVAN6KDEX
39,24/7 Eats - UST [Available for LONG-DISTANCE DELIVERY],14.611589261386,120.987806,https://food.grab.com/ph/en/restaurant/24-7-eats-ust-available-for-long-distance-delivery-delivery/2-C2AGSFEVLYUELE
40,Burger Beast by Chef Carlo Miguel - UST [Available for LONG-DISTANCE DELIVERY],14.611589261386,120.987806,https://food.grab.com/ph/en/restaurant/burger-beast-by-chef-carlo-miguel-ust-available-for-long-distance-delivery-delivery/2-CY5GJP3XPBAWRT
41,Rice Rocket - UST [Available for LONG-DISTANCE DELIVERY],14.611486666666668,120.9880634,https://food.grab.com/ph/en/restaurant/rice-rocket-ust-available-for-long-distance-delivery-delivery/2-CZNFTCBYL4A2KA
42,Korean To Go - UST [Available for LONG DISTANCE DELIVERY],14.611589261386,120.987806,https://food.grab.com/ph/en/restaurant/korean-to-go-ust-available-for-long-distance-delivery-delivery/2-C221TAUYDFKGLX
43,Calorie Club - UST [Available for LONG-DISTANCE DELIVERY],14.611589261386,120.987806,https://food.grab.com/ph/en/restaurant/calorie-club-ust-available-for-long-distance-delivery-delivery/2-CYVAEU2BALJ2TX
44,Ichiban1 - Delos Santos [Available for LONG-DISTANCE DELIVERY],14.60338182,120.9907405,https://food.grab.com/ph/en/restaurant/ichiban1-delos-santos-available-for-long-distance-delivery-delivery/2-C233G25XJT2WA2
45,Burger Nation - UST [Available for LONG-DISTANCE DELIVERY],14.611589261386,120.987806,https://food.grab.com/ph/en/restaurant/burger-nation-ust-available-for-long-distance-delivery-delivery/2-C2VEGFMHNKUARA
46,Grub King - Big Scoop [Available for LONG-DISTANCE DELIVERY],14.5968285,120.995275,https://food.grab.com/ph/en/restaurant/grub-king-big-scoop-available-for-long-distance-delivery-delivery/2-C2VEJKC3NEATRE
47,Super Chicken Tenders - UST [Available for LONG-DISTANCE DELIVERY],14.611589261386,120.987806,https://food.grab.com/ph/en/restaurant/super-chicken-tenders-ust-available-for-long-distance-delivery-delivery/2-CYWUG2B1AXA1FA
48,My Sushi Bake! - UST [Available for LONG-DISTANCE DELIVERY],14.611589261386,120.987806,https://food.grab.com/ph/en/restaurant/my-sushi-bake-ust-available-for-long-distance-delivery-delivery/2-C2DWFBCWSAMKN2
49,Tastes from the Greens - Tondo [Available for LONG-DISTANCE DELIVERY],14.607042,120.9668263,https://food.grab.com/ph/en/restaurant/tastes-from-the-greens-tondo-available-for-long-distance-delivery-delivery/2-C2LWLNLBJNLDVX
50,24/7 Super Healthy - UST [Available for LONG-DISTANCE DELIVERY],14.611618,120.9877901,https://food.grab.com/ph/en/restaurant/24-7-super-healthy-ust-available-for-long-distance-delivery-delivery/2-CYVAEUXJGRABA6
51,Tita's Turon Atbp. - UST [Available for LONG-DISTANCE DELIVERY],14.611589261386,120.987806,https://food.grab.com/ph/en/restaurant/tita-s-turon-atbp-ust-available-for-long-distance-delivery-delivery/2-CY3KEXATTTBBKA
52,Angel's Sizzling - Delos Santos Street [Available for LONG-DISTANCE DELIVERY],14.6033922,120.9907382,https://food.grab.com/ph/en/restaurant/angel-s-sizzling-delos-santos-street-available-for-long-distance-delivery-delivery/2-C23ZN3NYEBJKL6
53,Happy Thirstday - Sampaloc [Available for LONG-DISTANCE DELIVERY],14.60737267432711,120.98781854232952,https://food.grab.com/ph/en/restaurant/happy-thirstday-sampaloc-available-for-long-distance-delivery-delivery/2-C2NXGFKDPEEACE
54,Seoulmates by Alyssa & Kiefer - UST [Available for LONG-DISTANCE DELIVERY],14.611589261386,120.987806,https://food.grab.com/ph/en/restaurant/seoulmates-by-alyssa-kiefer-ust-available-for-long-distance-delivery-delivery/2-C2WEVPDAANLWJX
55,Chef Carlo’s Country Chicken - UST [Available for LONG-DISTANCE DELIVERY],14.61171,120.9879785,https://food.grab.com/ph/en/restaurant/chef-carlo%E2%80%99s-country-chicken-ust-available-for-long-distance-delivery-delivery/2-C2TUKFATWB6ANE
56,Lugaw Pilipinas - Earnshaw [Available for LONG-DISTANCE DELIVERY],14.607753,120.993373,https://food.grab.com/ph/en/restaurant/lugaw-pilipinas-earnshaw-available-for-long-distance-delivery-delivery/2-C2KDGA6GMBXKVE
57,99 Peso Wings - UST [Available for LONG-DISTANCE DELIVERY],14.611589261386,120.987806,https://food.grab.com/ph/en/restaurant/99-peso-wings-ust-available-for-long-distance-delivery-delivery/2-CY5HJFWZA6LBBA
58,Bolzico Beef To Go by CloudEats - UST [Available for LONG-DISTANCE DELIVERY],14.611589261386,120.987806,https://food.grab.com/ph/en/restaurant/bolzico-beef-to-go-by-cloudeats-ust-available-for-long-distance-delivery-delivery/2-C2TAJJ5GSFWKNE
59,99 Peso Rice Bowls To Go - UST [Available for LONG-DISTANCE DELIVERY],14.611589261386,120.987806,https://food.grab.com/ph/en/restaurant/99-peso-rice-bowls-to-go-ust-available-for-long-distance-delivery-delivery/2-CYVGEUCHNP4KPE
60,Get Baked! - UST [Available for LONG-DISTANCE DELIVERY],14.611589261386,120.987806,https://food.grab.com/ph/en/restaurant/get-baked-ust-available-for-long-distance-delivery-delivery/2-CZLKLZAFBFXFKA
61,Baked Sushi by Aj & Gee - Sta. Cruz [Available for LONG-DISTANCE DELIVERY],14.614689,120.977246,https://food.grab.com/ph/en/restaurant/baked-sushi-by-aj-gee-sta-cruz-available-for-long-distance-delivery-delivery/2-C2LYJN4DKCMKNT
62,Kusina ni Angeline - UST [Available for LONG-DISTANCE DELIVERY],14.611589261386,120.987806,https://food.grab.com/ph/en/restaurant/kusina-ni-angeline-ust-available-for-long-distance-delivery-delivery/2-C2WYLRA3EX6DAJ
63,The Norwoods' Aloha Eats - UST [Available for LONG-DISTANCE DELIVERY],14.611589261386,120.987806,https://food.grab.com/ph/en/restaurant/the-norwoods-aloha-eats-ust-available-for-long-distance-delivery-delivery/2-C2UVEYNGV8NXL6
64,Jessie's Sushi - Biak na Bato Manila [Available for LONG-DISTANCE DELIVERY],14.614708433333334,120.977315,https://food.grab.com/ph/en/restaurant/jessie-s-sushi-biak-na-bato-manila-available-for-long-distance-delivery-delivery/2-CZMWV7LCJFNAPE
65,DAKS Shawarma by Boys Night Out - UST [Available for LONG-DISTANCE DELIVERY],14.611589261386,120.987806,https://food.grab.com/ph/en/restaurant/daks-shawarma-by-boys-night-out-ust-available-for-long-distance-delivery-delivery/2-C2LGR642KAUJLA
66,Sushi Meets Pasta - Manila [Available for LONG-DISTANCE DELIVERY],14.6159913,120.9776081,https://food.grab.com/ph/en/restaurant/sushi-meets-pasta-manila-available-for-long-distance-delivery-delivery/2-C2LBKBCWGNNDEN
67,49 Peso Street Food - UST [Available for LONG-DISTANCE DELIVERY],14.611589261386,120.987806,https://food.grab.com/ph/en/restaurant/49-peso-street-food-ust-available-for-long-distance-delivery-delivery/2-CY43RAEDNYVFPA
68,Lucky 88 Bowls - UST [Available for LONG-DISTANCE DELIVERY],14.611589261386,120.987806,https://food.grab.com/ph/en/restaurant/lucky-88-bowls-ust-available-for-long-distance-delivery-delivery/2-C2MZBANYCNCGCN
69,Mr. Mediterranean - UST [Available for LONG-DISTANCE DELIVERY],14.611589261386,120.987806,https://food.grab.com/ph/en/restaurant/mr-mediterranean-ust-available-for-long-distance-delivery-delivery/2-CZAWCXXCDFJGJX
70,Pasta Italiana - Biak na Bato [Available for LONG-DISTANCE DELIVERY],14.614689,120.977246,https://food.grab.com/ph/en/restaurant/pasta-italiana-biak-na-bato-available-for-long-distance-delivery-delivery/2-C2LALAEXJZAULN
71,MAFS Delivery - Lardizabal Street [Available for LONG-DISTANCE DELIVERY],14.60169945,120.9951903,https://food.grab.com/ph/en/restaurant/mafs-delivery-lardizabal-street-available-for-long-distance-delivery-delivery/2-C2DWV2ABUETHUE
72,Crazy Chops - Sampaloc [Available for LONG-DISTANCE DELIVERY],14.6007979,120.9911282,https://food.grab.com/ph/en/restaurant/crazy-chops-sampaloc-available-for-long-distance-delivery-delivery/2-CZMVEKT3CCBJJN
73,Wicked Tacos - UST [Available for LONG-DISTANCE DELIVERY],14.611589261386,120.987806,https://food.grab.com/ph/en/restaurant/wicked-tacos-ust-available-for-long-distance-delivery-delivery/2-C2KCNVMVAAEWKE
74,Mexi-ko: Fil Mex Kantina - UST [Available for LONG-DISTANCE DELIVERY],14.611589261386,120.987806,https://food.grab.com/ph/en/restaurant/mexi-ko-fil-mex-kantina-ust-available-for-long-distance-delivery-delivery/2-C2JZFGBCETJEEE
75,Citystate Hotel - Quezon Boulevard,14.599413933483214,120.9841315,https://food.grab.com/ph/en/restaurant/citystate-hotel-quezon-boulevard-delivery/2-CY6BDFWDEU3DJ6
76,Rice and Shine - UST [Available for LONG-DISTANCE DELIVERY],14.611589261386,120.987806,https://food.grab.com/ph/en/restaurant/rice-and-shine-ust-available-for-long-distance-delivery-delivery/2-CYVAEU23V7M1E6
77,Wonder Wingz Around The World - UST [Available for LONG-DISTANCE DELIVERY],14.611589261386,120.987806,https://food.grab.com/ph/en/restaurant/wonder-wingz-around-the-world-ust-available-for-long-distance-delivery-delivery/2-CYTZBGMDL6NWRJ
78,Milk Tea Bar - UST [Available for LONG-DISTANCE DELIVERY],14.611589261386,120.987806,https://food.grab.com/ph/en/restaurant/milk-tea-bar-ust-available-for-long-distance-delivery-delivery/2-C2NCSFBXVBJXUA
79,Seafood Mix - Lardizabal [Available for LONG-DISTANCE DELIVERY],14.601794970048246,120.99519927116636,https://food.grab.com/ph/en/restaurant/seafood-mix-lardizabal-available-for-long-distance-delivery-delivery/2-C2VXPBUEL7C1VJ
80,Jheralds Delicious Delight - Sampaloc [Available for LONG-DISTANCE DELIVERY],14.605187,120.99877,https://food.grab.com/ph/en/restaurant/jheralds-delicious-delight-sampaloc-available-for-long-distance-delivery-delivery/2-C2L2V8BWJ74ZJE
81,99 Peso Sulit Chicken - UST [Available for LONG-DISTANCE DELIVERY],14.611589261386,120.987806,https://food.grab.com/ph/en/restaurant/99-peso-sulit-chicken-ust-available-for-long-distance-delivery-delivery/2-CYVERF5UAP4BC2
82,Mr. Lugaw - Gastambide Street [Available for LONG-DISTANCE DELIVERY],14.6008133,120.9911537,https://food.grab.com/ph/en/restaurant/mr-lugaw-gastambide-street-available-for-long-distance-delivery-delivery/PHGFSTI000001d2
83,A-Meal-Ya's Family Favorites - UST [Available for LONG-DISTANCE DELIVERY],14.611589261386,120.987806,https://food.grab.com/ph/en/restaurant/a-meal-ya-s-family-favorites-ust-available-for-long-distance-delivery-delivery/2-C2EBEFKGAN4ATN
84,Seoul Healthy! - UST [Available for LONG-DISTANCE DELIVERY],14.611589261386,120.987806,https://food.grab.com/ph/en/restaurant/seoul-healthy-ust-available-for-long-distance-delivery-delivery/2-C23BGBUWTT6TJT
85,Inihaw Atbp. - UST [Available for LONG-DISTANCE DELIVERY],14.611589261386,120.987806,https://food.grab.com/ph/en/restaurant/inihaw-atbp-ust-available-for-long-distance-delivery-delivery/2-CY43R2XJCNDVSA
86,Gemma's Chx Wings - Sta. Cruz [Available for LONG-DISTANCE DELIVERY],14.614952061293494,120.97723781349106,https://food.grab.com/ph/en/restaurant/gemma-s-chx-wings-sta-cruz-available-for-long-distance-delivery-delivery/2-C2VEFFU3CGL1AN
87,Vista Hotel and Restaurant - Recto Street,14.6038780625,120.9812034,https://food.grab.com/ph/en/restaurant/vista-hotel-and-restaurant-recto-street-delivery/2-CY4YGT62L6A3V2
88,Kung Pow Express - UST [Available for LONG-DISTANCE DELIVERY],14.611589261386,120.987806,https://food.grab.com/ph/en/restaurant/kung-pow-express-ust-available-for-long-distance-delivery-delivery/2-C2UACJEUPAJHTA
89,24/7 Super Chicken - UST [Available for LONG-DISTANCE DELIVERY],14.611589261386,120.987806,https://food.grab.com/ph/en/restaurant/24-7-super-chicken-ust-available-for-long-distance-delivery-delivery/2-CYWUG2B1JJ33EA
90,Urbanitea - Earnshaw Espana,14.6096166,120.9933676,https://food.grab.com/ph/en/restaurant/urbanitea-earnshaw-espana-delivery/2-C2E3AEEAKF6KAE
91,Healthy & Beyond - UST [Available for LONG-DISTANCE DELIVERY],14.611589261386,120.987806,https://food.grab.com/ph/en/restaurant/healthy-beyond-ust-available-for-long-distance-delivery-delivery/2-CYVAEU2HGA3HA2
92,Tenders To Go - UST [Available for LONG-DISTANCE DELIVERY],14.611589261386,120.987806,https://food.grab.com/ph/en/restaurant/tenders-to-go-ust-available-for-long-distance-delivery-delivery/2-CYVXAFJJVXNUAJ
93,Sunsal Chicken - Lardizabal Street [Available for LONG-DISTANCE DELIVERY],14.60169945,120.9951903,https://food.grab.com/ph/en/restaurant/sunsal-chicken-lardizabal-street-available-for-long-distance-delivery-delivery/2-C2TXBBEHCXETN6
94,Bubble X Tea - UST [Available for LONG-DISTANCE DELIVERY],14.611589261386,120.987806,https://food.grab.com/ph/en/restaurant/bubble-x-tea-ust-available-for-long-distance-delivery-delivery/2-CYTZBGNCVBWXFA
95,Libertea Milktea - UST Dapitan [Available for LONG-DISTANCE DELIVERY],14.61149946,120.988075,https://food.grab.com/ph/en/restaurant/libertea-milktea-ust-dapitan-available-for-long-distance-delivery-delivery/2-C2ADGP6ERKEWVX
96,Wok with Yap - UST [Available for LONG-DISTANCE DELIVERY],14.611589261386,120.987806,https://food.grab.com/ph/en/restaurant/wok-with-yap-ust-available-for-long-distance-delivery-delivery/2-CZMHAAEVN6VTRT
97,Daily Dose Coffee Cafe - UST [Available for LONG-DISTANCE DELIVERY],14.611589261386,120.987806,https://food.grab.com/ph/en/restaurant/daily-dose-coffee-cafe-ust-available-for-long-distance-delivery-delivery/2-C2CAGPCKET52UA
98,Flavours - Biak Na Bato St. [Available for LONG-DISTANCE DELIVERY],14.6159913,120.9776081,https://food.grab.com/ph/en/restaurant/flavours-biak-na-bato-st-available-for-long-distance-delivery-delivery/2-C2V1JEUUCFE1TJ
99,Chuang Mingtang Taiwan Fruit Tea - Sampaloc [Available for LONG-DISTANCE DELIVERY],14.611466171647276,120.995501668284,https://food.grab.com/ph/en/restaurant/chuang-mingtang-taiwan-fruit-tea-sampaloc-available-for-long-distance-delivery-delivery/2-C2MANXU1EXLUC2
100,R&B Milk Tea - Espana (Shakey's),14.607678721672489,120.9907540028179,https://food.grab.com/ph/en/restaurant/r-b-milk-tea-espana-shakey-s-delivery/2-C2KTJXA3NGMFGX
101,PALAMilk Tea - Laon Laan [Available for LONG-DISTANCE DELIVERY],14.61622754,120.9911974,https://food.grab.com/ph/en/restaurant/palamilk-tea-laon-laan-available-for-long-distance-delivery-delivery/2-C2L2ATUWRJJTBE
102,Angel's Pasta - Santa Cruz [Available for LONG-DISTANCE DELIVERY],14.615416488376027,120.97751999999878,https://food.grab.com/ph/en/restaurant/angel-s-pasta-santa-cruz-available-for-long-distance-delivery-delivery/2-C22KVK22LEUTWA
103,Uncle John's Chicken by Mini Stop - Escolta,14.5985878,120.9792009,https://food.grab.com/ph/en/restaurant/uncle-john-s-chicken-by-mini-stop-escolta-delivery/2-CYNDEYNDSBU2RN
104,Minute Burger - Gastambide [Available for LONG-DISTANCE DELIVERY],14.6025839,120.9904756,https://food.grab.com/ph/en/restaurant/minute-burger-gastambide-available-for-long-distance-delivery-delivery/2-CZKCBFBFRLCUTN
105,24/7 Coffee Feat. El Union - UST [Available for LONG-DISTANCE DELIVERY],14.61171533,120.9877831,https://food.grab.com/ph/en/restaurant/24-7-coffee-feat-el-union-ust-available-for-long-distance-delivery-delivery/2-C23XEADWTKDVEE
106,Ayamwings Food House - Intramuros,14.588592,120.977331,https://food.grab.com/ph/en/restaurant/ayamwings-food-house-intramuros-delivery/2-C22DSCEGRT5FBE
107,Kanto King - UST [Available for LONG-DISTANCE DELIVERY],14.611589261386,120.987806,https://food.grab.com/ph/en/restaurant/kanto-king-ust-available-for-long-distance-delivery-delivery/2-CY4XJCDJFEWAA2
108,Ali and Pau Foodhouse - Quiapo,14.599928333333333,120.9882267,https://food.grab.com/ph/en/restaurant/ali-and-pau-foodhouse-quiapo-delivery/2-C2AXL8KGA7XEUA
109,625 Sugar Cup Milktea House - Ah Lacson Ave.,14.6068311,120.9953495,https://food.grab.com/ph/en/restaurant/625-sugar-cup-milktea-house-ah-lacson-ave-delivery/2-C2VFCUJBJZEHKA
110,Casa Crawford: Modern Mexican Kitchen - UST [Available for LONG-DISTANCE DELIVERY],14.61170413,120.987778,https://food.grab.com/ph/en/restaurant/casa-crawford-modern-mexican-kitchen-ust-available-for-long-distance-delivery-delivery/2-C24JVJ5FJP3EDE
111,Emoteara Cafe - Lacson Avenue [Available for LONG-DISTANCE DELIVERY],14.606835,120.9954061,https://food.grab.com/ph/en/restaurant/emoteara-cafe-lacson-avenue-available-for-long-distance-delivery-delivery/2-C2AZAXTCL2MULX
112,Dropshot Burger - Laon Laan St. [Available for LONG-DISTANCE DELIVERY],14.61317095,120.9879167,https://food.grab.com/ph/en/restaurant/dropshot-burger-laon-laan-st-available-for-long-distance-delivery-delivery/2-C2W3RTJHEY3TT2
113,New Yorker Buffalo Wings - Biak Na Bato [Available for LONG-DISTANCE DELIVERY],14.614689,120.977246,https://food.grab.com/ph/en/restaurant/new-yorker-buffalo-wings-biak-na-bato-available-for-long-distance-delivery-delivery/2-C2VJLEBZCKLXL6
114,Rhieham's Kitchenette - United Nations Ave.,14.582932,120.986323,https://food.grab.com/ph/en/restaurant/rhieham-s-kitchenette-united-nations-ave-delivery/2-C2UVV2CTG8CJV6
115,Scorched Smokehouse - SM Manila,14.590160382858116,120.98297833862377,https://food.grab.com/ph/en/restaurant/scorched-smokehouse-sm-manila-delivery/2-C22TVED3GXEGLE
116,Zagu - Carriedo,14.599014971754528,120.98156781349236,https://food.grab.com/ph/en/restaurant/zagu-carriedo-delivery/2-C23KCYNANNDJNN
117,Macao Imperial Tea - Mendiola [Available for LONG-DISTANCE DELIVERY],14.60122955,120.9897688,https://food.grab.com/ph/en/restaurant/macao-imperial-tea-mendiola-available-for-long-distance-delivery-delivery/2-CY2EGPUFTYKJVX
118,Wai Ying Fastfood - Binondo [Available for LONG-DISTANCE DELIVERY],14.602068853150598,120.97598854230432,https://food.grab.com/ph/en/restaurant/wai-ying-fastfood-binondo-available-for-long-distance-delivery-delivery/2-C2MFREUZN6WKLN
119,Dadudz Unli Wings - St. Thomas Square,14.60562305,120.988576,https://food.grab.com/ph/en/restaurant/dadudz-unli-wings-st-thomas-square-delivery/2-C23ZNBUFGADZTN
120,Happilee Korean Kitchen - GrabKitchen (Sampaloc) [Available for LONG-DISTANCE DELIVERY],14.6143448,120.9925752,https://food.grab.com/ph/en/restaurant/happilee-korean-kitchen-grabkitchen-sampaloc-available-for-long-distance-delivery-delivery/2-C2JECYXXKF2ATA
121,David's Tea House - Sta. Cruz [Available for LONG-DISTANCE DELIVERY],14.60081561,120.9792872,https://food.grab.com/ph/en/restaurant/david-s-tea-house-sta-cruz-available-for-long-distance-delivery-delivery/PHGFSTI0000019k
122,King Chef - Lucky Chinatown Mall (Seafood Restaurant),14.6032502,120.9733011475,https://food.grab.com/ph/en/restaurant/king-chef-lucky-chinatown-mall-seafood-restaurant-delivery/PHGFSTI0000019v
123,Conti's Bakeshop and Restaurant - SM San Lazaro,14.61780108,120.9853594,https://food.grab.com/ph/en/restaurant/conti-s-bakeshop-and-restaurant-sm-san-lazaro-delivery/2-C2U2WGKAVKXCTE
124,Pepper Lunch Express - Lucky Chinatown [Available for LONG-DISTANCE DELIVERY],14.6029055,120.9738317,https://food.grab.com/ph/en/restaurant/pepper-lunch-express-lucky-chinatown-available-for-long-distance-delivery-delivery/2-CY3VAZCEDGNEVA
125,Greenwich - Carriedo,14.5989135,120.9817615,https://food.grab.com/ph/en/restaurant/greenwich-carriedo-delivery/2-CZD1JGLJCTNVNA
126,Landers Central - Otis [Available for LONG-DISTANCE DELIVERY],14.5901826,120.9991979,https://food.grab.com/ph/en/restaurant/landers-central-otis-available-for-long-distance-delivery-delivery/2-C2BXJKTYNJ6CTX
127,Tim Hortons - CEU,14.599783433333334,120.9915111,https://food.grab.com/ph/en/restaurant/tim-hortons-ceu-delivery/2-CZAHEABBVN3JRE
128,Mister Kabab - GrabKitchen (Sampaloc) [Available for LONG-DISTANCE DELIVERY],14.6143335,120.9925847,https://food.grab.com/ph/en/restaurant/mister-kabab-grabkitchen-sampaloc-available-for-long-distance-delivery-delivery/2-C2JEE7UARFJYEN
129,Amber - Manila,14.581672593139132,120.98101819939852,https://food.grab.com/ph/en/restaurant/amber-manila-delivery/2-CZDZDAVJRAWGJT
130,24 Chicken - Mendiola [Available for LONG-DISTANCE DELIVERY],14.599993593888414,120.9906229630875,https://food.grab.com/ph/en/restaurant/24-chicken-mendiola-available-for-long-distance-delivery-delivery/2-CZE2EK6UJ7EVPE
131,BonChon - Isetann Recto,14.60313696,120.9841308,https://food.grab.com/ph/en/restaurant/bonchon-isetann-recto-delivery/PHGFSTI000004jh
132,Caution Bistro - Manila [Available for LONG-DISTANCE DELIVERY],14.614305,120.990737,https://food.grab.com/ph/en/restaurant/caution-bistro-manila-available-for-long-distance-delivery-delivery/2-C2WFT2UYEUBDCX
133,Tropical Hut Hamburger - Escolta [Available for LONG-DISTANCE DELIVERY],14.5972994,120.9780227,https://food.grab.com/ph/en/restaurant/tropical-hut-hamburger-escolta-available-for-long-distance-delivery-delivery/2-CYVKSE5CLBNHGX
134,ProJuice - Castillas [Available for LONG-DISTANCE DELIVERY],14.613154,120.990576,https://food.grab.com/ph/en/restaurant/projuice-castillas-available-for-long-distance-delivery-delivery/2-CYKELGDULCBWTN
135,The Aristocrat Restaurant - SM Manila [Available for LONG-DISTANCE DELIVERY],14.59033764,120.9837502,https://food.grab.com/ph/en/restaurant/the-aristocrat-restaurant-sm-manila-available-for-long-distance-delivery-delivery/2-C2LGNT4HGCCBEN
136,Classic Savory - SM Manila [Available for LONG-DISTANCE DELIVERY],14.590010225,120.98377966666668,https://food.grab.com/ph/en/restaurant/classic-savory-sm-manila-available-for-long-distance-delivery-delivery/PHGFSTI000001to
137,Tokyo Tokyo - Xentro Mall Legarda,14.6014757,120.9926647,https://food.grab.com/ph/en/restaurant/tokyo-tokyo-xentro-mall-legarda-delivery/2-C2NJVVAKTXU2TT
138,Krispy Kreme - SM Manila [Available for LONG-DISTANCE DELIVERY],14.5898136,120.9839737,https://food.grab.com/ph/en/restaurant/krispy-kreme-sm-manila-available-for-long-distance-delivery-delivery/AWjFhwxsR-bAtZoKZkaq
139,Omakase - GrabKitchen (Sampaloc) [Available for LONG-DISTANCE DELIVERY],14.6143353,120.9925847,https://food.grab.com/ph/en/restaurant/omakase-grabkitchen-sampaloc-available-for-long-distance-delivery-delivery/2-C2JEGU22R4MAT2
140,Ice Cream Scooper - España Boulevard [Available for LONG-DISTANCE DELIVERY],14.6117269,120.9953462,https://food.grab.com/ph/en/restaurant/ice-cream-scooper-espa%C3%B1a-boulevard-available-for-long-distance-delivery-delivery/2-C2X2RNECVU4GEX
141,Serenitea - UST Lacson [Available for LONG-DISTANCE DELIVERY],14.61302412,120.98948468333332,https://food.grab.com/ph/en/restaurant/serenitea-ust-lacson-available-for-long-distance-delivery-delivery/2-CZJTAAXDGEJABA
142,Big Scoop - P. Guevarra St,14.6117504,120.9848649,https://food.grab.com/ph/en/restaurant/big-scoop-p-guevarra-st-delivery/2-C2UWRYJBTX4JSE
143,Buffalo's Wings N' Things - SM Manila [Available for LONG-DISTANCE DELIVERY],14.590007714285711,120.9834563,https://food.grab.com/ph/en/restaurant/buffalo-s-wings-n-things-sm-manila-available-for-long-distance-delivery-delivery/PHGFSTI000001ce
144,Pho Hoa Vietnamese Noodle House - Lucky Chinatown Mall [Available for LONG-DISTANCE DELIVERY],14.6034077,120.9734002,https://food.grab.com/ph/en/restaurant/pho-hoa-vietnamese-noodle-house-lucky-chinatown-mall-available-for-long-distance-delivery-delivery/PHGFSTI000001p1
145,Pizza Hut - CM Recto [Available for LONG-DISTANCE DELIVERY],14.6022463,120.98692623157896,https://food.grab.com/ph/en/restaurant/pizza-hut-cm-recto-available-for-long-distance-delivery-delivery/2-CYLCMEJHCNTCGJ
146,Tasty Dumplings - Condesa,14.6007811470715,120.97484072883655,https://food.grab.com/ph/en/restaurant/tasty-dumplings-condesa-delivery/2-C2MKTPBVAFW3RA
147,Red Ribbon - Isetann Recto,14.6030444,120.9841955,https://food.grab.com/ph/en/restaurant/red-ribbon-isetann-recto-delivery/2-CZEWNK6VJ3VBC2
148,Papa John's Pizza - Tri Loyola Building [Available for LONG-DISTANCE DELIVERY],14.6089159,120.9942711,https://food.grab.com/ph/en/restaurant/papa-john-s-pizza-tri-loyola-building-available-for-long-distance-delivery-delivery/2-CYTZE7BTVVEVDA
149,Cara Mia Cakes & Gelato - Lucky Chinatown Mall,14.6033483,120.97343623638152,https://food.grab.com/ph/en/restaurant/cara-mia-cakes-gelato-lucky-chinatown-mall-delivery/PHGFSTI000004ui
150,Cafe Mary Grace - SM Manila [Available for LONG-DISTANCE DELIVERY],14.590339,120.983648,https://food.grab.com/ph/en/restaurant/cafe-mary-grace-sm-manila-available-for-long-distance-delivery-delivery/PHGFSTI000001ch
151,Dosirakuya Korean Street Food - Tondo [Available for LONG DISTANCE DELIVERY],14.610369618110482,120.9742007288326,https://food.grab.com/ph/en/restaurant/dosirakuya-korean-street-food-tondo-available-for-long-distance-delivery-delivery/2-C2MEPBJBLYU2DA
152,Botejyu - SM Manila [Available for LONG-DISTANCE DELIVERY],14.590276707715432,120.9837920725854,https://food.grab.com/ph/en/restaurant/botejyu-sm-manila-available-for-long-distance-delivery-delivery/2-C2NKRLDJPBBERN
153,Boulangerie22 - Pacific Icon Residences,14.6115292,120.988101,https://food.grab.com/ph/en/restaurant/boulangerie22-pacific-icon-residences-delivery/2-CYKFJU5JTUT1AE
154,Mann Hann - Lucky Chinatown Mall [Available for LONG-DISTANCE DELIVERY],14.6035815,120.9737131,https://food.grab.com/ph/en/restaurant/mann-hann-lucky-chinatown-mall-available-for-long-distance-delivery-delivery/2-CZJHRBUDA6W1ET
155,Paotsin - Tutuban Center Mall [Available for LONG-DISTANCE DELIVERY],14.60665571,120.9726245,https://food.grab.com/ph/en/restaurant/paotsin-tutuban-center-mall-available-for-long-distance-delivery-delivery/2-C2N1RCEBNKJFFE
156,Hot Star Large Fried Chicken - Laperal [Available for LONG-DISTANCE DELIVERY],14.6009775,120.9899533,https://food.grab.com/ph/en/restaurant/hot-star-large-fried-chicken-laperal-available-for-long-distance-delivery-delivery/PHGFSTI000000tp
157,Ling Nam - Alonzo [Available for LONG DISTANCE DELIVERY],14.6022232,120.9785885,https://food.grab.com/ph/en/restaurant/ling-nam-alonzo-available-for-long-distance-delivery-delivery/2-C22JWEMHC8CALX
158,Red Table - SM Manila [Available for LONG-DISTANCE DELIVERY],14.590044222222222,120.9827167,https://food.grab.com/ph/en/restaurant/red-table-sm-manila-available-for-long-distance-delivery-delivery/2-CZM3T6WYE36VNA
159,Bacolod Chicken Inasal - Robinsons Otis [Available for LONG-DISTANCE DELIVERY],14.5873584,120.9960196,https://food.grab.com/ph/en/restaurant/bacolod-chicken-inasal-robinsons-otis-available-for-long-distance-delivery-delivery/PHGFSTI000001c0
160,Goldilocks - Good Earth Carriedo Bakeshop,14.5994472,120.9812578,https://food.grab.com/ph/en/restaurant/goldilocks-good-earth-carriedo-bakeshop-delivery/2-CZMACCEBL3DDUE
161,Koomi - SM Manila [Available for LONG-DISTANCE DELIVERY],14.589628916666667,120.983615,https://food.grab.com/ph/en/restaurant/koomi-sm-manila-available-for-long-distance-delivery-delivery/2-C2DZN7XHDFCDRN
162,Max's Restaurant - SM Manila [Available for LONG-DISTANCE DELIVERY],14.590069533333333,120.9837077,https://food.grab.com/ph/en/restaurant/max-s-restaurant-sm-manila-available-for-long-distance-delivery-delivery/2-CYKZLAXTEEVTVE
163,Cha Tuk Chak - Chinatown (Masangkay) [Available for LONG-DISTANCE DELIVERY],14.606833200000002,120.97770568,https://food.grab.com/ph/en/restaurant/cha-tuk-chak-chinatown-masangkay-available-for-long-distance-delivery-delivery/2-CZNXN4LULKC3GJ
164,Andok's - Carriedo,14.5990063,120.9814594,https://food.grab.com/ph/en/restaurant/andok-s-carriedo-delivery/2-CYTCLA2DWCNFT6
165,Hap Chan - Tomas Mapua [Available for LONG-DISTANCE DELIVERY],14.601412584615383,120.9796705,https://food.grab.com/ph/en/restaurant/hap-chan-tomas-mapua-available-for-long-distance-delivery-delivery/PHGFSTI000001ct
166,Dimsum Treats - Dapitan [Available for LONG-DISTANCE DELIVERY],14.6105699,120.9871216,https://food.grab.com/ph/en/restaurant/dimsum-treats-dapitan-available-for-long-distance-delivery-delivery/2-CYNDE3LKTUWEVN
167,Golden Fortune Seafood Restaurant - Binondo [Available for LONG-DISTANCE DELIVERY],14.603557,120.97757,https://food.grab.com/ph/en/restaurant/golden-fortune-seafood-restaurant-binondo-available-for-long-distance-delivery-delivery/PHGFSTI000001cl
168,Happy Lemon - Lucky Chinatown Mall [Available for LONG-DISTANCE DELIVERY],14.60337225625,120.9733677,https://food.grab.com/ph/en/restaurant/happy-lemon-lucky-chinatown-mall-available-for-long-distance-delivery-delivery/PHGFSTI000001cu
169,Mr. Ube Rice and Noodle Haus - Ongpin Street [Available for LONG-DISTANCE DELIVERY],14.600840155867786,120.97590531485672,https://food.grab.com/ph/en/restaurant/mr-ube-rice-and-noodle-haus-ongpin-street-available-for-long-distance-delivery-delivery/PHGFSTI000001p9
170,Peri Peri Charcoal Chicken & Sauce Bar - Espana,14.6071827,120.9909651,https://food.grab.com/ph/en/restaurant/peri-peri-charcoal-chicken-sauce-bar-espana-delivery/2-C2VYJF6DTUEVVX
171,Domino's Pizza - Espana Boulevard,14.60778047,120.9908344,https://food.grab.com/ph/en/restaurant/domino-s-pizza-espana-boulevard-delivery/2-C2LURYBTCUUKJE
172,Giligan's Restaurant - Tutuban Center,14.6065982,120.9726497875,https://food.grab.com/ph/en/restaurant/giligan-s-restaurant-tutuban-center-delivery/2-CZKEJTJGC2XBDE
173,The Great Buddha Cafe - Ongpin [Available for LONG-DISTANCE DELIVERY],14.600144125,120.9751577,https://food.grab.com/ph/en/restaurant/the-great-buddha-cafe-ongpin-available-for-long-distance-delivery-delivery/2-CZBAACMYE6VTHE
174,Chuan Kee Turo Turo - Ongpin Street [Available for LONG-DISTANCE DELIVERY],14.60044895128205,120.9755047,https://food.grab.com/ph/en/restaurant/chuan-kee-turo-turo-ongpin-street-available-for-long-distance-delivery-delivery/2-CZNFE361TKDVGX
175,Dairy Queen - SM Manila,14.589585508791208,120.9836556,https://food.grab.com/ph/en/restaurant/dairy-queen-sm-manila-delivery/2-CYNXGULYATJZCJ
176,Mang Samgyupsal - UST Dapitan [Available for LONG-DISTANCE DELIVERY],14.61208658,120.98875808791666,https://food.grab.com/ph/en/restaurant/mang-samgyupsal-ust-dapitan-available-for-long-distance-delivery-delivery/2-CZJTTTDYJ6BHLX
177,Kanzen Sushi Roll - P Noval Street [Available for LONG-DISTANCE DELIVERY],14.6097302,120.9866011,https://food.grab.com/ph/en/restaurant/kanzen-sushi-roll-p-noval-street-available-for-long-distance-delivery-delivery/2-CZLJRYNXTP4EPA
178,Tinapayan Festival Bakeshoppe - Dapitan Street,14.614121145180505,120.99100072883544,https://food.grab.com/ph/en/restaurant/tinapayan-festival-bakeshoppe-dapitan-street-delivery/2-C2T3ET2ULE5FDE
179,Inasal Chicken Bacolod - SM Manila [Available for LONG-DISTANCE DELIVERY],14.590013033333332,120.983518275,https://food.grab.com/ph/en/restaurant/inasal-chicken-bacolod-sm-manila-available-for-long-distance-delivery-delivery/PHGFSTI000001eo
180,Gerry's Grill Restaurant & Bar - SM Manila [Available for LONG-DISTANCE DELIVERY],14.5900457,120.9826271,https://food.grab.com/ph/en/restaurant/gerry-s-grill-restaurant-bar-sm-manila-available-for-long-distance-delivery-delivery/PHGFSTI000001ey
181,Pancake House - Lucky China Town [Available for LONG-DISTANCE DELIVERY],14.602856195652176,120.97327414761904,https://food.grab.com/ph/en/restaurant/pancake-house-lucky-china-town-available-for-long-distance-delivery-delivery/2-CYMHTYWCGE6CVE
182,Kyu Kyu - UST [Available for LONG-DISTANCE DELIVERY],14.610411075,120.9901169,https://food.grab.com/ph/en/restaurant/kyu-kyu-ust-available-for-long-distance-delivery-delivery/2-CZLVEA51EX6FBA
183,BreadTalk - SM San Lazaro,14.6177326,120.98623597076924,https://food.grab.com/ph/en/restaurant/breadtalk-sm-san-lazaro-delivery/2-C2AWNB2YC6KUNE
184,Gotobox - Legarda[Available for LONG-DISTANCE DELIVERY],14.6010151,120.99158,https://food.grab.com/ph/en/restaurant/gotobox-legarda-available-for-long-distance-delivery-delivery/2-C2JFANJWFFBWGN
185,Everything But Cheese - SM Manila [Available for LONG-DISTANCE DELIVERY],14.59004388888889,120.98259453333334,https://food.grab.com/ph/en/restaurant/everything-but-cheese-sm-manila-available-for-long-distance-delivery-delivery/2-CZAJSA4XAFAZV2
186,Baliwag Lechon Manok - Laong Laan Manila [Available for LONG-DISTANCE DELIVERY],14.61482425,120.9896263,https://food.grab.com/ph/en/restaurant/baliwag-lechon-manok-laong-laan-manila-available-for-long-distance-delivery-delivery/2-C2CGNKTYGA4ZL6
187,Not Just Sweet - Firmeza Street [Available for LONG-DISTANCE DELIVERY],14.6075797,120.9993933,https://food.grab.com/ph/en/restaurant/not-just-sweet-firmeza-street-available-for-long-distance-delivery-delivery/2-CY5AMAVKNX2WVE
188,Binalot - Robinsons Otis [Available for LONG-DISTANCE DELIVERY],14.5874479,120.9959682,https://food.grab.com/ph/en/restaurant/binalot-robinsons-otis-available-for-long-distance-delivery-delivery/AWgx66fJ5b9pQDOtNxsz
189,Gringo - SM Manila [Available for LONG-DISTANCE DELIVERY],14.5899221,120.9837879,https://food.grab.com/ph/en/restaurant/gringo-sm-manila-available-for-long-distance-delivery-delivery/PHGFSTI000002p1
190,Pizza Telefono - GrabKitchen (Sampaloc) [Available for LONG-DISTANCE DELIVERY],14.6143263,120.9925842,https://food.grab.com/ph/en/restaurant/pizza-telefono-grabkitchen-sampaloc-available-for-long-distance-delivery-delivery/2-C2JYNKVUCYUVJ2
191,Chachago - Legarda [Available for LONG-DISTANCE DELIVERY],14.5993607,120.99041435,https://food.grab.com/ph/en/restaurant/chachago-legarda-available-for-long-distance-delivery-delivery/2-CZEVRJKDE36CR2
192,Cafe Perene - Benavidez Street [Available for LONG-DISTANCE DELIVERY],14.6070714,120.9783826,https://food.grab.com/ph/en/restaurant/cafe-perene-benavidez-street-available-for-long-distance-delivery-delivery/2-C2CZUEEGV6BBDE
193,Pancit Ng Taga Malabon - Quiapo,14.5975467,120.9837582,https://food.grab.com/ph/en/restaurant/pancit-ng-taga-malabon-quiapo-delivery/2-C2UGAEDFJYCDFA
194,Carol's Chicken and Lechon Belly - Binondo [Available for LONG-DISTANCE DELIVERY],14.60679,120.97779,https://food.grab.com/ph/en/restaurant/carol-s-chicken-and-lechon-belly-binondo-available-for-long-distance-delivery-delivery/2-C2XJLBWDVT4EE2
195,Hong Kong Noodles & Dimsum House - Quiapo [Available for LONG-DISTANCE DELIVERY],14.59921805,120.9841343,https://food.grab.com/ph/en/restaurant/hong-kong-noodles-dimsum-house-quiapo-available-for-long-distance-delivery-delivery/PHGFSTI000001d8
196,Zark's Burgers - SM Manila [Available for LONG-DISTANCE DELIVERY],14.590033600000002,120.9825522,https://food.grab.com/ph/en/restaurant/zark-s-burgers-sm-manila-available-for-long-distance-delivery-delivery/PHGFSTI000000tt
197,Mesa - San Lazaro [Available for LONG-DISTANCE DELIVERY],14.6176727,120.98598838,https://food.grab.com/ph/en/restaurant/mesa-san-lazaro-available-for-long-distance-delivery-delivery/2-CZLFME23T8CELX
198,Lots'A Pizza - 999 Mall [Available for LONG-DISTANCE DELIVERY],14.60486,120.97355,https://food.grab.com/ph/en/restaurant/lots-a-pizza-999-mall-available-for-long-distance-delivery-delivery/2-C2BGJE41G2X3TA
199,Lucky House Restaurant - Sampaloc [Available for LONG-DISTANCE DELIVERY],14.60838526108968,120.99385625011324,https://food.grab.com/ph/en/restaurant/lucky-house-restaurant-sampaloc-available-for-long-distance-delivery-delivery/2-CYTTAA6YA76GEN
200,President Grand Palace Resturant - Binondo [Available for LONG-DISTANCE DELIVERY],14.601248470666576,120.9763685423294,https://food.grab.com/ph/en/restaurant/president-grand-palace-resturant-binondo-available-for-long-distance-delivery-delivery/2-C2NXDB2GJJ5JET
201,Sio Cha 小吃 - Asian Cuisine Masangkay Street,14.6089106,120.9790354,https://food.grab.com/ph/en/restaurant/sio-cha-%E5%B0%8F%E5%90%83-asian-cuisine-masangkay-street-delivery/2-C2EHAFWFTX2WVJ
202,Chatime - SM Manila [Available for LONG-DISTANCE DELIVERY],14.5898174,120.9838542,https://food.grab.com/ph/en/restaurant/chatime-sm-manila-available-for-long-distance-delivery-delivery/PHGFSTI000001ts
203,Selecta Ice Cream Shop - Sta Cruz,14.61014666,120.9850458,https://food.grab.com/ph/en/restaurant/selecta-ice-cream-shop-sta-cruz-delivery/2-CYWFLCNBKFCZJJ
204,Yi Fang Taiwan Fruit Tea - Binondo [Available for LONG-DISTANCE DELIVERY],14.5987875,120.97545666666667,https://food.grab.com/ph/en/restaurant/yi-fang-taiwan-fruit-tea-binondo-available-for-long-distance-delivery-delivery/2-CYTJJB21TEM3BA
205,Original Cake - SM Manila,14.5896107,120.98367778,https://food.grab.com/ph/en/restaurant/original-cake-sm-manila-delivery/2-CYTZVYWGRREWJT
206,Seattle's Best Coffee - UST [Available for LONG-DISTANCE DELIVERY],14.6096898,120.991602925,https://food.grab.com/ph/en/restaurant/seattle-s-best-coffee-ust-available-for-long-distance-delivery-delivery/PHGFSTI000001d1
207,Mammy's Kitchen - Gelinos Street,14.6148228,120.986745,https://food.grab.com/ph/en/restaurant/mammy-s-kitchen-gelinos-street-delivery/2-CZEJHFWBAYWXTJ
208,Shi Lin - Lucky Chinatown Mall [Available for LONG-DISTANCE DELIVERY],14.6035728,120.9736994,https://food.grab.com/ph/en/restaurant/shi-lin-lucky-chinatown-mall-available-for-long-distance-delivery-delivery/PHGFSTI00000120
209,Turks - Quiapo [Available for LONG-DISTANCE DELIVERY],14.5981151,120.9841068,https://food.grab.com/ph/en/restaurant/turks-quiapo-available-for-long-distance-delivery-delivery/2-CYUJJNTDCZCXNX
210,Merienda by Pan de Manila - GrabKitchen (Sampaloc) [Available for LONG-DISTANCE DELIVERY],14.61449502,120.9924836,https://food.grab.com/ph/en/restaurant/merienda-by-pan-de-manila-grabkitchen-sampaloc-available-for-long-distance-delivery-delivery/2-C23KRXJJGKAVCJ
211,BreadTalk - SM Manila,14.5901009,120.98298102,https://food.grab.com/ph/en/restaurant/breadtalk-sm-manila-delivery/2-CZEWLZKCGTJDT6
212,D'Cream Coffee & Tea - Gastambide [Available for LONG-DISTANCE DELIVERY],14.602537159456176,120.990464275,https://food.grab.com/ph/en/restaurant/d-cream-coffee-tea-gastambide-available-for-long-distance-delivery-delivery/2-CYJ2NBDCN2VWLE
213,Hightea - St. Jude [Available for LONG-DISTANCE DELIVERY],14.59737887,120.995344,https://food.grab.com/ph/en/restaurant/hightea-st-jude-available-for-long-distance-delivery-delivery/2-CYNVPAMFAFT1TT
